{"mean":{"confidence_interval":{"confidence_level":0.95,"lower_bound":62764787.666065976,"upper_bound":62887821.16875},"point_estimate":62829026.76152778,"standard_error":31561.49608047649},"median":{"confidence_interval":{"confidence_level":0.95,"lower_bound":62765044.625,"upper_bound":62932514.5},"point_estimate":62822716.7,"standard_error":44421.554964695635},"median_abs_dev":{"confidence_interval":{"confidence_level":0.95,"lower_bound":17278.949038238068,"upper_bound":195601.79286488137},"point_estimate":115055.81190734917,"standard_error":43299.214447062004},"slope":{"confidence_interval":{"confidence_level":0.95,"lower_bound":62713194.770386264,"upper_bound":62906874.32022472},"point_estimate":62814292.21298701,"standard_error":50412.368271709274},"std_dev":{"confidence_interval":{"confidence_level":0.95,"lower_bound":58192.10152927266,"upper_bound":137035.48058169984},"point_estimate":105377.94936355631,"standard_error":21677.737087241087}}