{"mean":{"confidence_interval":{"confidence_level":0.95,"lower_bound":62554611.110836804,"upper_bound":64013947.83934525},"point_estimate":63184225.40525794,"standard_error":374076.1994354043},"median":{"confidence_interval":{"confidence_level":0.95,"lower_bound":62512617.69642857,"upper_bound":63954519.725},"point_estimate":62614859.19166666,"standard_error":335168.47645260685},"median_abs_dev":{"confidence_interval":{"confidence_level":0.95,"lower_bound":37397.4106110614,"upper_bound":1947434.3172611317},"point_estimate":188338.55942131707,"standard_error":354542.4542034824},"slope":{"confidence_interval":{"confidence_level":0.95,"lower_bound":62562353.208661415,"upper_bound":64089557.106153846},"point_estimate":63116046.37792208,"standard_error":391337.43593560596},"std_dev":{"confidence_interval":{"confidence_level":0.95,"lower_bound":125748.60368114803,"upper_bound":1584959.9844505521},"point_estimate":1243940.5065065327,"standard_error":384833.8716854735}}