{"mean":{"confidence_interval":{"confidence_level":0.95,"lower_bound":64663401.2763889,"upper_bound":65244025.991071425},"point_estimate":64912837.24329366,"standard_error":152401.9632253248},"median":{"confidence_interval":{"confidence_level":0.95,"lower_bound":64653765.375,"upper_bound":65176805.95833333},"point_estimate":64703017.527777776,"standard_error":107226.17353573673},"median_abs_dev":{"confidence_interval":{"confidence_level":0.95,"lower_bound":3346.639973916142,"upper_bound":667621.8104973435},"point_estimate":86320.7963991646,"standard_error":127410.06033484187},"slope":{"confidence_interval":{"confidence_level":0.95,"lower_bound":64696074.87677054,"upper_bound":65524495.675182484},"point_estimate":65113877.86753247,"standard_error":220095.79086456972},"std_dev":{"confidence_interval":{"confidence_level":0.95,"lower_bound":58647.69304865744,"upper_bound":689321.4447676841},"point_estimate":508509.6282407877,"standard_error":170940.55234034962}}