{"mean":{"confidence_interval":{"confidence_level":0.95,"lower_bound":0.06399489547832109,"upper_bound":0.1049928669956306},"point_estimate":0.08468130242965421,"standard_error":0.010440750675824161},"median":{"confidence_interval":{"confidence_level":0.95,"lower_bound":0.06905442460116995,"upper_bound":0.10731726385498441},"point_estimate":0.08329985186204047,"standard_error":0.009547456622598715}}