{"mean":{"confidence_interval":{"confidence_level":0.95,"lower_bound":-0.0001689073972134044,"upper_bound":0.010390285656836529},"point_estimate":0.004634444208550859,"standard_error":0.002820794715493604},"median":{"confidence_interval":{"confidence_level":0.95,"lower_bound":-0.0021694867321210287,"upper_bound":0.010767892732472584},"point_estimate":-0.00014638601867467127,"standard_error":0.0028708762444730213}}