{"mean":{"confidence_interval":{"confidence_level":0.95,"lower_bound":0.010836544473831769,"upper_bound":0.08382124948510561},"point_estimate":0.043741047279097556,"standard_error":0.01851559699028423},"median":{"confidence_interval":{"confidence_level":0.95,"lower_bound":-0.006302305282361531,"upper_bound":0.09157445000275377},"point_estimate":0.021015558179228844,"standard_error":0.028901690325418707}}