{"mean":{"confidence_interval":{"confidence_level":0.95,"lower_bound":0.009462676124867444,"upper_bound":0.04164735533843364},"point_estimate":0.025759814729353625,"standard_error":0.00830079655073002},"median":{"confidence_interval":{"confidence_level":0.95,"lower_bound":0.001003082240869757,"upper_bound":0.050812235516836335},"point_estimate":0.028353078889662653,"standard_error":0.014272503068056623}}