{"mean":{"confidence_interval":{"confidence_level":0.95,"lower_bound":-0.03647434165498204,"upper_bound":0.027956793680963266},"point_estimate":-0.004307339208209804,"standard_error":0.016548782113799707},"median":{"confidence_interval":{"confidence_level":0.95,"lower_bound":-0.04572854547939842,"upper_bound":0.03941075398207983},"point_estimate":0.005853731274974461,"standard_error":0.02182721702741703}}