{"mean":{"confidence_interval":{"confidence_level":0.95,"lower_bound":0.05321851711125169,"upper_bound":0.09550660671554544},"point_estimate":0.07627181894339241,"standard_error":0.010963620280668607},"median":{"confidence_interval":{"confidence_level":0.95,"lower_bound":0.05435711563852963,"upper_bound":0.10262386480040075},"point_estimate":0.09054675726190164,"standard_error":0.012850767986831923}}