{"mean":{"confidence_interval":{"confidence_level":0.95,"lower_bound":-0.010431213033623715,"upper_bound":0.04893969888282074},"point_estimate":0.01974059691296004,"standard_error":0.014976969044268134},"median":{"confidence_interval":{"confidence_level":0.95,"lower_bound":-0.018323237565738504,"upper_bound":0.06722766502152511},"point_estimate":0.023040534697133852,"standard_error":0.02352178526772266}}