{"mean":{"confidence_interval":{"confidence_level":0.95,"lower_bound":-0.6416842415234544,"upper_bound":-0.6216593700325148},"point_estimate":-0.6316689477963269,"standard_error":0.005129017334026642},"median":{"confidence_interval":{"confidence_level":0.95,"lower_bound":-0.6501625259659545,"upper_bound":-0.6169504729218869},"point_estimate":-0.6276981328429911,"standard_error":0.009220298646667078}}