{"mean":{"confidence_interval":{"confidence_level":0.95,"lower_bound":0.15559099588552036,"upper_bound":0.20120095923182588},"point_estimate":0.175984075582168,"standard_error":0.012187720108088766},"median":{"confidence_interval":{"confidence_level":0.95,"lower_bound":0.1437835254154296,"upper_bound":0.20456809666681197},"point_estimate":0.16488820954586791,"standard_error":0.014575938508896465}}