{"mean":{"confidence_interval":{"confidence_level":0.95,"lower_bound":-0.018292227332031397,"upper_bound":0.004585597371042646},"point_estimate":-0.005749620714100789,"standard_error":0.005755815264425578},"median":{"confidence_interval":{"confidence_level":0.95,"lower_bound":-0.008635806389970968,"upper_bound":0.003605134529053977},"point_estimate":-0.005535165807850961,"standard_error":0.003294670334250694}}