{"mean":{"confidence_interval":{"confidence_level":0.95,"lower_bound":0.09003734633473515,"upper_bound":0.10206100002135726},"point_estimate":0.09655534606848115,"standard_error":0.0030980980998467295},"median":{"confidence_interval":{"confidence_level":0.95,"lower_bound":0.09237280807292836,"upper_bound":0.10464974537055038},"point_estimate":0.10169139630187618,"standard_error":0.0029158155891953774}}