{"mean":{"confidence_interval":{"confidence_level":0.95,"lower_bound":-0.03157149242688291,"upper_bound":-0.016143560066678893},"point_estimate":-0.02404609031226046,"standard_error":0.003910159361629092},"median":{"confidence_interval":{"confidence_level":0.95,"lower_bound":-0.034345385902068926,"upper_bound":-0.014607718919564881},"point_estimate":-0.023682040191445153,"standard_error":0.004172136971191485}}