{"mean":{"confidence_interval":{"confidence_level":0.95,"lower_bound":-0.010383888980877977,"upper_bound":0.0034280933124768444},"point_estimate":-0.0031486564738532064,"standard_error":0.0035465241452413555},"median":{"confidence_interval":{"confidence_level":0.95,"lower_bound":-0.010050793316998208,"upper_bound":0.0058887640230094185},"point_estimate":-0.0012399986271508512,"standard_error":0.0035163887145507043}}