{"mean":{"confidence_interval":{"confidence_level":0.95,"lower_bound":-0.00983491223163424,"upper_bound":0.009809744225123743},"point_estimate":-0.0022145937713998753,"standard_error":0.005460607953524663},"median":{"confidence_interval":{"confidence_level":0.95,"lower_bound":-0.0126438915993079,"upper_bound":-0.0017421573221605424},"point_estimate":-0.006390943921486203,"standard_error":0.002876258365085201}}