{"mean":{"confidence_interval":{"confidence_level":0.95,"lower_bound":0.005086178665603803,"upper_bound":0.012417636716683233},"point_estimate":0.00879232869598745,"standard_error":0.0018633341035729943},"median":{"confidence_interval":{"confidence_level":0.95,"lower_bound":0.003934398945825368,"upper_bound":0.014191611850330021},"point_estimate":0.008079472243665897,"standard_error":0.0027568976414807716}}