{"mean":{"confidence_interval":{"confidence_level":0.95,"lower_bound":0.05014481325712383,"upper_bound":0.16236282116730336},"point_estimate":0.09912217835142156,"standard_error":0.029470660117036453},"median":{"confidence_interval":{"confidence_level":0.95,"lower_bound":0.02497003978539336,"upper_bound":0.13059202629976285},"point_estimate":0.059297390274811956,"standard_error":0.02525382546461699}}