{"mean":{"confidence_interval":{"confidence_level":0.95,"lower_bound":-0.039418637146788615,"upper_bound":0.07600218467967311},"point_estimate":0.02293499831933299,"standard_error":0.029814316522105058},"median":{"confidence_interval":{"confidence_level":0.95,"lower_bound":-0.006496435597403871,"upper_bound":0.09396201624237555},"point_estimate":0.06757426894895557,"standard_error":0.025039113791883026}}