{"mean":{"confidence_interval":{"confidence_level":0.95,"lower_bound":0.15133229990706176,"upper_bound":0.18211034086479888},"point_estimate":0.16654870372812836,"standard_error":0.00789484841358373},"median":{"confidence_interval":{"confidence_level":0.95,"lower_bound":0.14606324767304435,"upper_bound":0.18353702650573922},"point_estimate":0.16682125632346367,"standard_error":0.00894453076740911}}