{"mean":{"confidence_interval":{"confidence_level":0.95,"lower_bound":-0.004516646856485021,"upper_bound":0.016956002982313256},"point_estimate":0.00565341629559768,"standard_error":0.005719596728714337},"median":{"confidence_interval":{"confidence_level":0.95,"lower_bound":-0.005692274653344653,"upper_bound":0.004243759053218721},"point_estimate":-0.00330863609935772,"standard_error":0.0047267568715466295}}