{"mean":{"confidence_interval":{"confidence_level":0.95,"lower_bound":-0.008196990571192966,"upper_bound":0.0035410218135436167},"point_estimate":-0.0015714874056633743,"standard_error":0.003042800694656936},"median":{"confidence_interval":{"confidence_level":0.95,"lower_bound":-0.004253387517113794,"upper_bound":0.004821833360861616},"point_estimate":0.00008383674959322462,"standard_error":0.00214464085073576}}