{"mean":{"confidence_interval":{"confidence_level":0.95,"lower_bound":0.11591141933365692,"upper_bound":0.14355581702112558},"point_estimate":0.12797350745504832,"standard_error":0.007203230450913041},"median":{"confidence_interval":{"confidence_level":0.95,"lower_bound":0.11157763509408958,"upper_bound":0.13660146420716401},"point_estimate":0.1198086996284049,"standard_error":0.00559969527713542}}