{"mean":{"confidence_interval":{"confidence_level":0.95,"lower_bound":-0.04640975114022448,"upper_bound":-0.019715033385152174},"point_estimate":-0.03174441307150533,"standard_error":0.006865671830813245},"median":{"confidence_interval":{"confidence_level":0.95,"lower_bound":-0.039952636592212154,"upper_bound":-0.019790449246742225},"point_estimate":-0.026517351488227314,"standard_error":0.004859837636175584}}