{"mean":{"confidence_interval":{"confidence_level":0.95,"lower_bound":0.0004928843489713958,"upper_bound":0.02724125121099954},"point_estimate":0.012478699873105237,"standard_error":0.0073049774832520745},"median":{"confidence_interval":{"confidence_level":0.95,"lower_bound":-0.00480299867509526,"upper_bound":0.027534066460052076},"point_estimate":0.0014509612409978612,"standard_error":0.00889262908807176}}