{"mean":{"confidence_interval":{"confidence_level":0.95,"lower_bound":-0.11046232432483875,"upper_bound":-0.10220141380324767},"point_estimate":-0.10574664108485032,"standard_error":0.0021434583527273087},"median":{"confidence_interval":{"confidence_level":0.95,"lower_bound":-0.10919221215700592,"upper_bound":-0.10169536879755936},"point_estimate":-0.10299257891686397,"standard_error":0.001600153909872517}}