{"mean":{"confidence_interval":{"confidence_level":0.95,"lower_bound":-0.020331007916401078,"upper_bound":0.003004958569497118},"point_estimate":-0.007499801050343757,"standard_error":0.0059979053673513815},"median":{"confidence_interval":{"confidence_level":0.95,"lower_bound":-0.020250760919015325,"upper_bound":0.004614950427620383},"point_estimate":0.0009084095064275655,"standard_error":0.005342304245410537}}